{"epoch": 26, "batch": 382, "train_loss": 0.11987530440092087, "train_accuracy": 0.9375, "train_precision": 0.9372549019607843, "train_recall": 0.9372549019607843, "train_f1-score": 0.9372549019607843, "_timestamp": 1712504037.8273172, "_runtime": 2977.5439393520355, "_step": 15481, "test_loss": 0.04998217523097992, "test_accuracy": 0.9811320754716981, "test_precision": 0.9812082129999604, "test_recall": 0.9811320754716981, "test_f1-score": 0.9811313291139241, "_wandb": {"runtime": 2819}}