{"epoch": 10, "batch": 689, "train_loss": 0.007115658838301897, "train_accuracy": 1.0, "_timestamp": 1712740982.3600738, "_runtime": 3545.5917387008667, "_step": 6899, "test_loss": 0.0001507924753241241, "test_accuracy": 1.0, "test_precision": 1.0, "test_recall": 1.0, "test_f1-score": 1.0}