{"epoch": 22, "batch": 47, "train_loss": 0.3051457703113556, "train_accuracy": 0.8125, "train_precision": 0.803921568627451, "train_recall": 0.8354978354978355, "train_f1-score": 0.8056680161943319, "_timestamp": 1712506473.872928, "_runtime": 2276.014140844345, "_step": 12730, "test_loss": 0.24669265747070312, "test_accuracy": 0.9063860667634253, "test_precision": 0.9076923076923077, "test_recall": 0.9063860667634253, "test_f1-score": 0.9063110221923797}