{"epoch": 10, "batch": 689, "train_loss": 0.07456399500370026, "train_accuracy": 0.9666666666666667, "_timestamp": 1713969123.538552, "_runtime": 1571.935297012329, "_step": 6899, "test_loss": 0.001559089170768857, "test_accuracy": 0.9989114658925979, "test_precision": 0.998913830557567, "test_recall": 0.9989114658925979, "test_f1-score": 0.9989114646027853}