{"epoch": 1, "batch": 689, "train_loss": 0.08362343162298203, "train_accuracy": 0.9666666666666667, "_timestamp": 1712652362.0838091, "_runtime": 196.45100212097168, "_step": 689, "test_loss": 0.07972469180822372, "test_accuracy": 0.9769593613933236, "test_precision": 0.9771493910249192, "test_recall": 0.9769593613933236, "test_f1-score": 0.9769570671223218}