类别,precision,recall,f1-score,support,accuracy
parasitized,0.9194402420574886,0.8820754716981132,0.9003703703703704,2756.0,0.8820754716981132
uninfected,0.8866806136680614,0.9227140783744557,0.9043385490753912,2756.0,0.9227140783744557
macro avg,0.903060427862775,0.9023947750362844,0.9023544597228808,5512.0,0.9023947750362844
weighted avg,0.903060427862775,0.9023947750362845,0.9023544597228809,5512.0,0.9023947750362844
